firstName,lastName,age,contactNo,gender,height,weight,email,city,status
Aarav,Sharma,28,9876543210,Male,172.5,68.3,aarav.sharma@example.com,Ahmedabad,active
Priya,Patel,34,9812345678,Female,158.7,55.2,priya.patel@example.com,Surat,active
Rahul,Mehta,45,7890123456,Male,175.2,82.1,rahul.mehta@example.com,Vadodara,inactive
Ananya,Desai,22,8765432109,Female,162.4,48.9,ananya.desai@example.com,Rajkot,active
Vikram,Singh,39,9234567890,Male,180.1,75.6,vikram.singh@example.com,Gandhinagar,pending
Sneha,Joshi,31,9345678901,Female,165.8,52.4,sneha.joshi@example.com,Bhavnagar,active
Arjun,Reddy,27,8901234567,Male,178.9,70.2,arjun.reddy@example.com,Jamnagar,inactive
Neha,Kapoor,36,7654321098,Female,160.3,58.7,neha.kapoor@example.com,Junagadh,active
Rohan,Gupta,29,9876123456,Male,174.6,73.1,rohan.gupta@example.com,Ahmedabad,pending
Isha,Malhotra,24,8765098765,Female,157.2,49.8,isha.malhotra@example.com,Surat,active
Karan,Bansal,41,9234098765,Male,182.4,79.5,karan.bansal@example.com,Vadodara,active
Pooja,Sharma,33,7890987654,Female,163.9,56.3,pooja.sharma@example.com,Rajkot,inactive
Siddharth,Kumar,38,8901876543,Male,177.8,76.4,siddharth.kumar@example.com,Gandhinagar,active
Meera,Patel,26,9345765432,Female,159.5,51.7,meera.patel@example.com,Bhavnagar,pending
Dev,Jain,30,7654654321,Male,171.2,67.9,dev.jain@example.com,Jamnagar,active
Riya,Verma,23,9876543987,Female,164.7,50.2,riya.verma@example.com,Junagadh,active
Aryan,Chopra,35,8765432876,Male,179.3,74.8,aryan.chopra@example.com,Ahmedabad,inactive
Saanvi,Agarwal,27,9234567123,Female,161.8,53.6,saanvi.agarwal@example.com,Surat,active
Kabir,Nair,42,7890123789,Male,176.5,81.2,kabir.nair@example.com,Vadodara,pending
Kiara,Bhatia,25,8765098234,Female,158.9,49.1,kiara.bhatia@example.com,Rajkot,active
Vihaan,Rao,32,9345678456,Male,183.7,78.4,vihaan.rao@example.com,Gandhinagar,active
Zara,Menon,29,7654321765,Female,166.2,54.9,zara.menon@example.com,Bhavnagar,inactive
Reyansh,Iyer,37,9876123098,Male,174.8,72.6,reyansh.iyer@example.com,Jamnagar,active
Myra,Pillai,21,8901234321,Female,160.7,47.3,myra.pillai@example.com,Junagadh,pending
Atharv,Shetty,40,919234567654,Male,181.5,80.3,atharv.shetty@example.com,Ahmedabad,active
Aadhya,Nambiar,28,917890987321,Female,157.4,52.1,aadhya.nambiar3@example.com,Surat,active
Shaurya,Krishnan,33,918765432543,Male,177.1,69.7,shaurya.krishnan@example.com,Vadodara,inactive
Anika,Nair,26,919345678987,Female,162.9,50.8,anika.nair@example.com,Rajkot,active
Dhruv,Menon,44,917654321234,Male,179.6,77.9,dhruv.menon@example.com,Gandhinagar,pending
Saanvi,Pillai,23,919876543876,Female,159.1,48.5,saanvi.pillai@example.com,Bhavnagar,active
Yash,Iyer,31,918901234765,Male,173.4,71.2,yash.iyer@example.com,Jamnagar,active
Ishita,Shetty,35,919234567543,Female,164.3,55.6,ishita.shetty@example.com,Junagadh,inactive
Advait,Krishnan,29,917890123432,Male,176.8,74.1,advait.krishnan@example.com,Ahmedabad,active
Nitya,Nambiar,24,918765098543,Female,161.2,49.4,nitya.nambiar@example.com,Surat,pending
Rudra,Bhatia,38,919345678210,Male,180.7,78.2,rudra.bhatia@example.com,Vadodara,active
Avani,Chopra,30,917654321987,Female,158.6,53.8,avani.chopra@example.com,Rajkot,active
Parth,Agarwal,43,919876123765,Male,175.9,80.5,parth.agarwal@example.com,Gandhinagar,inactive
Mira,Verma,25,918901876432,Female,163.5,51.3,mira.verma@example.com,Bhavnagar,active
Veer,Malhotra,36,919234567321,Male,178.2,73.7,veer.malhotra@example.com,Jamnagar,pending
Siya,Gupta,27,917890987654,Female,160.1,50.9,siya.gupta@example.com,Junagadh,active
Ahaan,Kapoor,34,918765432109,Male,181.3,76.8,ahaan.kapoor@example.com,Ahmedabad,active
Tara,Joshi,22,919345678901,Female,159.8,48.2,tara.joshi@example.com,Surat,inactive
Shaan,Reddy,39,917654321098,Male,177.4,79.1,shaan.reddy@example.com,Vadodara,active
Lara,Desai,31,919876543210,Female,164.1,54.7,lara.desai@example.com,Rajkot,pending
Om,Mehta,40,918901234567,Male,183.2,82.3,om.mehta@example.com,Gandhinagar,active
Sara,Patel,28,919234567890,Female,161.6,52.5,sara.patel@example.com,Bhavnagar,active
Arnav,Sharma,33,917890123456,Male,175.7,71.8,arnav.sharma@example.com,Jamnagar,inactive
Diya,Singh,24,918765432109,Female,158.4,49.6,diya.singh@example.com,Junagadh,active
Nihal,Kumar,37,919345678901,Male,179.9,77.2,nihal.kumar@example.com,Ahmedabad,pending
Rashi,Bansal,26,917654321098,Female,163.2,51.9,rashi.bansal@example.com,Surat,active
Hrithik,Malhotra,42,919876543210,Male,176.3,80.7,hrithik.malhotra@example.com,Vadodara,active
Aarohi,Gupta,29,918901234567,Female,160.9,53.4,aarohi.gupta@example.com,Rajkot,inactive
Reyan,Kapoor,35,919234567890,Male,182.1,75.3,reyan.kapoor@example.com,Gandhinagar,active
Vanya,Joshi,23,917890123456,Female,159.7,48.8,vanya.joshi@example.com,Bhavnagar,pending
Samar,Reddy,38,918765432109,Male,178.6,78.9,samar.reddy@example.com,Jamnagar,active
Naina,Desai,32,919345678901,Female,165.4,55.1,naina.desai@example.com,Junagadh,active
Avir,Mehta,41,917654321098,Male,174.2,73.5,avir.mehta@example.com,Ahmedabad,inactive
Kavya,Patel,25,919876543210,Female,161.5,50.6,kavya.patel@example.com,Surat,active
Yug,Singh,36,918901234567,Male,180.4,76.7,yug.singh@example.com,Vadodara,pending
Sia,Kumar,27,919234567890,Female,158.2,49.3,sia.kumar@example.com,Rajkot,active
Aarush,Bansal,39,917890123456,Male,177.7,79.4,aarush.bansal@example.com,Gandhinagar,active
Hiya,Malhotra,24,918765432109,Female,162.8,51.2,hiya.malhotra@example.com,Bhavnagar,inactive
Rishabh,Gupta,33,919345678901,Male,175.1,72.4,rishabh.gupta@example.com,Jamnagar,active
Aarushi,Kapoor,30,917654321098,Female,160.5,53.9,aarushi.kapoor@example.com,Junagadh,pending
Pranav,Joshi,43,919876543210,Male,181.8,81.6,pranav.joshi@example.com,Ahmedabad,active
Anvi,Reddy,26,918901234567,Female,159.3,50.4,anvi.reddy@example.com,Surat,active
Vihaan,Desai,37,919234567890,Male,178.5,74.9,vihaan.desai@example.com,Vadodara,inactive
Myra,Mehta,22,917890123456,Female,163.7,48.7,myra.mehta@example.com,Rajkot,active
Aarav,Patel,34,918765432109,Male,176.9,77.6,aarav.patel@example.com,Gandhinagar,pending
Saanvi,Singh,31,919345678901,Female,161.4,54.3,saanvi.singh@example.com,Bhavnagar,active
Reyansh,Kumar,40,917654321098,Male,180.2,80.1,reyansh.kumar@example.com,Jamnagar,active
Kiara,Bansal,28,919876543210,Female,158.8,52.8,kiara.bansal@example.com,Junagadh,inactive
Atharv,Malhotra,35,918901234567,Male,177.3,73.9,atharv.malhotra@example.com,Ahmedabad,active
Aadhya,Nambiar,24,919234567890,Female,161.2,49.4,aadhya.nambiar@example.com,Surat,pending
Rudra,Bhatia,38,919345678210,Male,180.7,78.2,rudra.bhatia@example.com,Vadodara,active
Avani,Chopra,30,917654321987,Female,158.6,53.8,avani.chopra@example.com,Rajkot,active
Parth,Agarwal,43,919876123765,Male,175.9,80.5,parth.agarwal@example.com,Gandhinagar,inactive
Mira,Verma,25,918901876432,Female,163.5,51.3,mira.verma@example.com,Bhavnagar,active
Veer,Malhotra,36,919234567321,Male,178.2,73.7,veer.malhotra@example.com,Jamnagar,pending
Siya,Gupta,27,917890987654,Female,160.1,50.9,siya.gupta@example.com,Junagadh,active
Ahaan,Kapoor,34,918765432109,Male,181.3,76.8,ahaan.kapoor@example.com,Ahmedabad,active
Tara,Joshi,22,919345678901,Female,159.8,48.2,tara.joshi@example.com,Surat,inactive
Shaan,Reddy,39,917654321098,Male,177.4,79.1,shaan.reddy@example.com,Vadodara,active
Lara,Desai,31,919876543210,Female,164.1,54.7,lara.desai@example.com,Rajkot,pending
Om,Mehta,40,918901234567,Male,183.2,82.3,om.mehta@example.com,Gandhinagar,active
Sara,Patel,28,919234567890,Female,161.6,52.5,sara.patel@example.com,Bhavnagar,active
Arnav,Sharma,33,917890123456,Male,175.7,71.8,arnav.sharma@example.com,Jamnagar,inactive
Diya,Singh,24,918765432109,Female,158.4,49.6,diya.singh@example.com,Junagadh,active
Nihal,Kumar,37,919345678901,Male,179.9,77.2,nihal.kumar@example.com,Ahmedabad,pending
Rashi,Bansal,26,917654321098,Female,163.2,51.9,rashi.bansal@example.com,Surat,active
Hrithik,Malhotra,42,919876543210,Male,176.3,80.7,hrithik.malhotra@example.com,Vadodara,active
Aarohi,Gupta,29,918901234567,Female,160.9,53.4,aarohi.gupta@example.com,Rajkot,inactive
Reyan,Kapoor,35,919234567890,Male,182.1,75.3,reyan.kapoor@example.com,Gandhinagar,active
Vanya,Joshi,23,917890123456,Female,159.7,48.8,vanya.joshi@example.com,Bhavnagar,pending
Samar,Reddy,38,918765432109,Male,178.6,78.9,samar.reddy@example.com,Jamnagar,active
Naina,Desai,32,919345678901,Female,165.4,55.1,naina.desai@example.com,Junagadh,active
Avir,Mehta,41,917654321098,Male,174.2,73.5,avir.mehta@example.com,Ahmedabad,inactive
Kavya,Patel,25,919876543210,Female,161.5,50.6,kavya.patel@example.com,Surat,active
Yug,Singh,36,918901234567,Male,180.4,76.7,yug.singh@example.com,Vadodara,pending
Sia,Kumar,27,919234567890,Female,158.2,49.3,sia.kumar@example.com,Rajkot,active
Aarush,Bansal,39,917890123456,Male,177.7,79.4,aarush.bansal@example.com,Gandhinagar,active
Hiya,Malhotra,24,918765432109,Female,162.8,51.2,hiya.malhotra@example.com,Bhavnagar,inactive
Rishabh,Gupta,33,919345678901,Male,175.1,72.4,rishabh.gupta@example.com,Jamnagar,active
Aarushi,Kapoor,30,917654321098,Female,160.5,53.9,aarushi.kapoor@example.com,Junagadh,pending
Pranav,Joshi,43,919876543210,Male,181.8,81.6,pranav.joshi@example.com,Ahmedabad,active
Anvi,Reddy,26,918901234567,Female,159.3,50.4,anvi.reddy@example.com,Surat,active
Vihaan,Desai,37,919234567890,Male,178.5,74.9,vihaan.desai@example.com,Vadodara,inactive
Myra,Mehta,22,917890123456,Female,163.7,48.7,myra.mehta@example.com,Rajkot,active
Aarav,Patel,34,918765432109,Male,176.9,77.6,aarav.patel@example.com,Gandhinagar,pending
Saanvi,Singh,31,919345678901,Female,161.4,54.3,saanvi.singh@example.com,Bhavnagar,active
Reyansh,Kumar,40,917654321098,Male,180.2,80.1,reyansh.kumar@example.com,Jamnagar,active
Kiara,Bansal,28,919876543210,Female,158.8,52.8,kiara.bansal@example.com,Junagadh,inactive
Atharv,Malhotra,35,918901234567,Male,177.3,73.9,atharv.malhotra@example.com,Ahmedabad,active
Aadhya,Nambiar,24,919234567890,Female,161.2,49.4,aadhya.nambiar4@example.com,Surat,pending
Rudra,Bhatia,38,919345678210,Male,180.7,78.2,rudra.bhatia@example.com,Vadodara,active
Avani,Chopra,30,917654321987,Female,158.6,53.8,avani.chopra@example.com,Rajkot,active
Parth,Agarwal,43,919876123765,Male,175.9,80.5,parth.agarwal@example.com,Gandhinagar,inactive
Mira,Verma,25,918901876432,Female,163.5,51.3,mira.verma@example.com,Bhavnagar,active
Veer,Malhotra,36,919234567321,Male,178.2,73.7,veer.malhotra@example.com,Jamnagar,pending
Siya,Gupta,27,917890987654,Female,160.1,50.9,siya.gupta@example.com,Junagadh,active
Ahaan,Kapoor,34,918765432109,Male,181.3,76.8,ahaan.kapoor@example.com,Ahmedabad,active
Tara,Joshi,22,919345678901,Female,159.8,48.2,tara.joshi@example.com,Surat,inactive
Shaan,Reddy,39,917654321098,Male,177.4,79.1,shaan.reddy@example.com,Vadodara,active
Lara,Desai,31,919876543210,Female,164.1,54.7,lara.desai@example.com,Rajkot,pending
Om,Mehta,40,918901234567,Male,183.2,82.3,om.mehta@example.com,Gandhinagar,active
Sara,Patel,28,919234567890,Female,161.6,52.5,sara.patel@example.com,Bhavnagar,active
Arnav,Sharma,33,917890123456,Male,175.7,71.8,arnav.sharma@example.com,Jamnagar,inactive
Diya,Singh,24,918765432109,Female,158.4,49.6,diya.singh@example.com,Junagadh,active
Nihal,Kumar,37,919345678901,Male,179.9,77.2,nihal.kumar@example.com,Ahmedabad,pending
Rashi,Bansal,26,917654321098,Female,163.2,51.9,rashi.bansal@example.com,Surat,active
Hrithik,Malhotra,42,919876543210,Male,176.3,80.7,hrithik.malhotra@example.com,Vadodara,active
Aarohi,Gupta,29,918901234567,Female,160.9,53.4,aarohi.gupta@example.com,Rajkot,inactive
Reyan,Kapoor,35,919234567890,Male,182.1,75.3,reyan.kapoor@example.com,Gandhinagar,active
Vanya,Joshi,23,917890123456,Female,159.7,48.8,vanya.joshi@example.com,Bhavnagar,pending
Samar,Reddy,38,918765432109,Male,178.6,78.9,samar.reddy@example.com,Jamnagar,active
Naina,Desai,32,919345678901,Female,165.4,55.1,naina.desai@example.com,Junagadh,active
Avir,Mehta,41,917654321098,Male,174.2,73.5,avir.mehta@example.com,Ahmedabad,inactive
Kavya,Patel,25,919876543210,Female,161.5,50.6,kavya.patel@example.com,Surat,active
Yug,Singh,36,918901234567,Male,180.4,76.7,yug.singh@example.com,Vadodara,pending
Sia,Kumar,27,919234567890,Female,158.2,49.3,sia.kumar@example.com,Rajkot,active
Aarush,Bansal,39,917890123456,Male,177.7,79.4,aarush.bansal@example.com,Gandhinagar,active
Hiya,Malhotra,24,918765432109,Female,162.8,51.2,hiya.malhotra@example.com,Bhavnagar,inactive
Rishabh,Gupta,33,919345678901,Male,175.1,72.4,rishabh.gupta@example.com,Jamnagar,active
Aarushi,Kapoor,30,917654321098,Female,160.5,53.9,aarushi.kapoor@example.com,Junagadh,pending
Pranav,Joshi,43,919876543210,Male,181.8,81.6,pranav.joshi@example.com,Ahmedabad,active
Anvi,Reddy,26,918901234567,Female,159.3,50.4,anvi.reddy@example.com,Surat,active
Vihaan,Desai,37,919234567890,Male,178.5,74.9,vihaan.desai@example.com,Vadodara,inactive
Myra,Mehta,22,917890123456,Female,163.7,48.7,myra.mehta@example.com,Rajkot,active
Aarav,Patel,34,918765432109,Male,176.9,77.6,aarav.patel@example.com,Gandhinagar,pending
Saanvi,Singh,31,919345678901,Female,161.4,54.3,saanvi.singh@example.com,Bhavnagar,active
Reyansh,Kumar,40,917654321098,Male,180.2,80.1,reyansh.kumar@example.com,Jamnagar,active
Kiara,Bansal,28,919876543210,Female,158.8,52.8,kiara.bansal@example.com,Junagadh,inactive
Atharv,Malhotra,35,918901234567,Male,177.3,73.9,atharv.malhotra@example.com,Ahmedabad,active
Aadhya,Nambiar,24,919234567890,Female,161.2,49.4,aadhya.nambiar2@example.com,Surat,pending
Rudra,Bhatia,38,919345678210,Male,180.7,78.2,rudra.bhatia@example.com,Vadodara,active
Avani,Chopra,30,917654321987,Female,158.6,53.8,avani.chopra@example.com,Rajkot,active
Parth,Agarwal,43,919876123765,Male,175.9,80.5,parth.agarwal@example.com,Gandhinagar,inactive
Mira,Verma,25,918901876432,Female,163.5,51.3,mira.verma@example.com,Bhavnagar,active
Veer,Malhotra,36,919234567321,Male,178.2,73.7,veer.malhotra@example.com,Jamnagar,pending
Siya,Gupta,27,917890987654,Female,160.1,50.9,siya.gupta@example.com,Junagadh,active
Ahaan,Kapoor,34,918765432109,Male,181.3,76.8,ahaan.kapoor@example.com,Ahmedabad,active
Tara,Joshi,22,919345678901,Female,159.8,48.2,tara.joshi@example.com,Surat,inactive
Shaan,Reddy,39,917654321098,Male,177.4,79.1,shaan.reddy@example.com,Vadodara,active
Lara,Desai,31,919876543210,Female,164.1,54.7,lara.desai@example.com,Rajkot,pending
Om,Mehta,40,918901234567,Male,183.2,82.3,om.mehta@example.com,Gandhinagar,active
Sara,Patel,28,919234567890,Female,161.6,52.5,sara.patel@example.com,Bhavnagar,active
